Workbook

Sheet Sheet1

Sheet Sheet10
B1: kode_position | C1: description | D1: new code | E1: position_category | F1: position_category_id | G1: nama_dept | H1: dept_id | I1: nama_section | J1: section_id | K1: status_position | L1: report_to | N1: nama_grade | O1: grade_id | P1: nama_rank | Q1: rank_id | R1: nama_emp_category | S1: emp_category_id | T1: emp_class_nbhx | U1: nbhx_class_id | V1: status | W1: hitung_finger | X1: hitung_lembur | Y1: effective_date
B2: POS101 | C2: HRIS Staff | D2: POS-0061 | E2: 人事部 HR Dept. | F2: 988c0828-59ae-4278-b58a-ec4ad79feced | G2: HRGA | H2: 70b198d1-8c23-458e-b106-f9e9bad7eebf | I2: HR | J2: 452b7826-802d-4066-a122-6bf04cd5fbbb | K2: REG | L2: HRGA Manager | M2: =_xlfn.XLOOKUP(L2,Sheet11!C:C,Sheet11!A:A,"") -> 2d22cf03-e3da-4e44-be90-66770884d540 | N2: Skilled Worker | O2: f80a7823-a704-4f58-8c91-6381cf4729a7 | P2: Staff | Q2: a633733d-1c4d-4344-9c64-e182fdb41305 | R2: Indirect | S2: =_xlfn.XLOOKUP(R2,Sheet8!C:C,Sheet8!A:A,"") -> 09f6626a-fa13-4fea-a785-01671ff4e85e | T2: Indirect - Management | U2: c7eb4185-4029-47d5-9334-04937345a4d6 | V2: 1 | W2: 1 | X2: 1 | Y2: 44641
B3: POS078 | C3: Document control | D3: POS-0062 | E3: Quality Management System | F3: d431d129-8525-4d25-ab01-cc4f1e720561 | G3: Quality Management System | H3: 24215ee0-9c9c-4c04-8fa1-3d5b4b726252 | I3: QMS | J3: 888f04d8-c5ba-4587-8552-9c3801ef63f3 | K3: REG | L3: Lead QMS | M3: =_xlfn.XLOOKUP(L3,Sheet11!C:C,Sheet11!A:A,"") | N3: Skilled Worker | O3: f80a7823-a704-4f58-8c91-6381cf4729a7 | P3: Staff | Q3: a633733d-1c4d-4344-9c64-e182fdb41305 | R3: Indirect | S3: =_xlfn.XLOOKUP(R3,Sheet8!C:C,Sheet8!A:A,"") -> 09f6626a-fa13-4fea-a785-01671ff4e85e | T3: Indirect - Management | U3: c7eb4185-4029-47d5-9334-04937345a4d6 | V3: 1 | W3: 1 | X3: 1 | Y3: 42736
B4: POS110 | C4: Purchasing Lead (Log) | D4: POS-0063 | E4: 采购部 Purchase Dept. | F4: 43e0334f-c163-4447-9426-853dbabe135d | G4: Logistic | H4: c32a3031-b567-4644-b062-4f5be998dbdc | I4: Purchasing | J4: 566d3e73-2121-4d08-9745-c5311dc48f1b | K4: REG | L4: Logistic Manager | M4: =_xlfn.XLOOKUP(L4,Sheet11!C:C,Sheet11!A:A,"") -> bc8fd694-29c1-454e-ba8c-d68f1f977187 | N4: Skilled Worker | O4: f80a7823-a704-4f58-8c91-6381cf4729a7 | P4: Supervisor | Q4: f0122620-db0a-4023-87bf-c991a802be82 | R4: Indirect | S4: =_xlfn.XLOOKUP(R4,Sheet8!C:C,Sheet8!A:A,"") -> 09f6626a-fa13-4fea-a785-01671ff4e85e | T4: Indirect - Management | U4: c7eb4185-4029-47d5-9334-04937345a4d6 | V4: 1 | W4: 1 | X4: 0 | Y4: 44564
B5: POS096 | C5: Trainer Lead | D5: POS-0064 | E5: 人事部 HR Dept. | F5: 988c0828-59ae-4278-b58a-ec4ad79feced | G5: HRGA | H5: 70b198d1-8c23-458e-b106-f9e9bad7eebf | I5: HR | J5: 452b7826-802d-4066-a122-6bf04cd5fbbb | K5: REG | L5: HRGA Manager | M5: =_xlfn.XLOOKUP(L5,Sheet11!C:C,Sheet11!A:A,"") -> 2d22cf03-e3da-4e44-be90-66770884d540 | N5: Supervisor / Specialist | O5: c1faa696-3d68-43b9-bc90-a61ccc58abd3 | P5: Supervisor | Q5: f0122620-db0a-4023-87bf-c991a802be82 | R5: Indirect | S5: =_xlfn.XLOOKUP(R5,Sheet8!C:C,Sheet8!A:A,"") -> 09f6626a-fa13-4fea-a785-01671ff4e85e | T5: Indirect - Management | U5: c7eb4185-4029-47d5-9334-04937345a4d6 | V5: 1 | W5: 1 | X5: 0 | Y5: 44490
B6: POS161 | C6: Lead Planner Final Inspection | D6: POS-0065 | E6: 经理/主管 Manager/Supervisor | F6: cdde0d53-fc81-41e0-8b64-f695b8c1e904 | G6: Manufacturing | H6: edd72a9e-2349-4040-b9b1-4aa6897699d4 | I6: Production Planner | J6: 5fc9324b-415f-4f2f-9841-9594f30bfda6 | K6: REG | L6: Manufacturing Manager | M6: =_xlfn.XLOOKUP(L6,Sheet11!C:C,Sheet11!A:A,"") -> 942745ac-02ff-4409-822b-677a97cf117a | N6: Supervisor / Specialist | O6: c1faa696-3d68-43b9-bc90-a61ccc58abd3 | P6: Supervisor | Q6: f0122620-db0a-4023-87bf-c991a802be82 | R6: Indirect | S6: =_xlfn.XLOOKUP(R6,Sheet8!C:C,Sheet8!A:A,"") -> 09f6626a-fa13-4fea-a785-01671ff4e85e | T6: Indirect - Management | U6: c7eb4185-4029-47d5-9334-04937345a4d6 | V6: 1 | W6: 1 | X6: 0 | Y6: 46023
B7: POS164 | C7: Lead Planner Injection Assy | D7: POS-0066 | E7: 经理/主管 Manager/Supervisor | F7: cdde0d53-fc81-41e0-8b64-f695b8c1e904 | G7: Manufacturing | H7: edd72a9e-2349-4040-b9b1-4aa6897699d4 | I7: Production Planner | J7: 5fc9324b-415f-4f2f-9841-9594f30bfda6 | K7: REG | L7: Manufacturing Manager | M7: =_xlfn.XLOOKUP(L7,Sheet11!C:C,Sheet11!A:A,"") -> 942745ac-02ff-4409-822b-677a97cf117a | N7: Supervisor / Specialist | O7: c1faa696-3d68-43b9-bc90-a61ccc58abd3 | P7: Supervisor | Q7: f0122620-db0a-4023-87bf-c991a802be82 | R7: Indirect | S7: =_xlfn.XLOOKUP(R7,Sheet8!C:C,Sheet8!A:A,"") -> 09f6626a-fa13-4fea-a785-01671ff4e85e | T7: Indirect - Management | U7: c7eb4185-4029-47d5-9334-04937345a4d6 | V7: 1 | W7: 1 | X7: 0 | Y7: 46023
B8: POS097 | C8: RnD Supervisor | D8: POS-0067 | E8: 开发部 R&D Dept. | F8: 2d284812-1782-402b-9d5b-6e935d345a09 | G8: Research & Development | H8: 0056a8db-a632-4289-8200-fd47a50b3076 | I8: RnD | J8: c5323781-7a2c-406f-bcfa-7a09d334c753 | K8: REG | L8: RnD Manager | M8: =_xlfn.XLOOKUP(L8,Sheet11!C:C,Sheet11!A:A,"") -> f02b722d-ca57-42af-a033-74cb162c708e | N8: Supervisor / Specialist | O8: c1faa696-3d68-43b9-bc90-a61ccc58abd3 | P8: Supervisor | Q8: f0122620-db0a-4023-87bf-c991a802be82 | R8: Indirect | S8: =_xlfn.XLOOKUP(R8,Sheet8!C:C,Sheet8!A:A,"") -> 09f6626a-fa13-4fea-a785-01671ff4e85e | T8: Indirect - Management | U8: c7eb4185-4029-47d5-9334-04937345a4d6 | V8: 1 | W8: 1 | X8: 0 | Y8: 44490
B9: POS098 | C9: Lead Project | D9: POS-0068 | E9: 开发部 R&D Dept. | F9: 2d284812-1782-402b-9d5b-6e935d345a09 | G9: Research & Development | H9: 0056a8db-a632-4289-8200-fd47a50b3076 | I9: RnD | J9: c5323781-7a2c-406f-bcfa-7a09d334c753 | K9: REG | L9: RnD Manager | M9: =_xlfn.XLOOKUP(L9,Sheet11!C:C,Sheet11!A:A,"") -> f02b722d-ca57-42af-a033-74cb162c708e | N9: Supervisor / Specialist | O9: c1faa696-3d68-43b9-bc90-a61ccc58abd3 | P9: Supervisor | Q9: f0122620-db0a-4023-87bf-c991a802be82 | R9: Indirect | S9: =_xlfn.XLOOKUP(R9,Sheet8!C:C,Sheet8!A:A,"") -> 09f6626a-fa13-4fea-a785-01671ff4e85e | T9: Indirect - Management | U9: c7eb4185-4029-47d5-9334-04937345a4d6 | V9: 1 | W9: 1 | X9: 0 | Y9: 42736
B10: POS085 | C10: Lead QMS | D10: POS-0069 | E10: 经理/主管 Manager/Supervisor | F10: cdde0d53-fc81-41e0-8b64-f695b8c1e904 | G10: Quality Management System | H10: 24215ee0-9c9c-4c04-8fa1-3d5b4b726252 | I10: QMS | J10: 888f04d8-c5ba-4587-8552-9c3801ef63f3 | K10: REG | L10: General Manager | M10: =_xlfn.XLOOKUP(L10,Sheet11!C:C,Sheet11!A:A,"") -> c2d970bc-3249-4f62-948d-0d50d9d5588e | N10: Supervisor / Specialist | O10: c1faa696-3d68-43b9-bc90-a61ccc58abd3 | P10: Supervisor | Q10: f0122620-db0a-4023-87bf-c991a802be82 | R10: Indirect | S10: =_xlfn.XLOOKUP(R10,Sheet8!C:C,Sheet8!A:A,"") -> 09f6626a-fa13-4fea-a785-01671ff4e85e | T10: Indirect - Management | U10: c7eb4185-4029-47d5-9334-04937345a4d6 | V10: 1 | W10: 1 | X10: 0 | Y10: 44595
B11: POS086 | C11: Lead Compliance | D11: POS-0070 | E11: Compliance Patrol | F11: ad4c4dae-5a63-48e7-b209-4d4b86e7b193 | G11: Quality Management System | H11: 24215ee0-9c9c-4c04-8fa1-3d5b4b726252 | I11: QMS | J11: 888f04d8-c5ba-4587-8552-9c3801ef63f3 | K11: REG | L11: Lead QMS | M11: =_xlfn.XLOOKUP(L11,Sheet11!C:C,Sheet11!A:A,"") | N11: Supervisor / Specialist | O11: c1faa696-3d68-43b9-bc90-a61ccc58abd3 | P11: Supervisor | Q11: f0122620-db0a-4023-87bf-c991a802be82 | R11: Indirect | S11: =_xlfn.XLOOKUP(R11,Sheet8!C:C,Sheet8!A:A,"") -> 09f6626a-fa13-4fea-a785-01671ff4e85e | T11: Indirect - Management | U11: c7eb4185-4029-47d5-9334-04937345a4d6 | V11: 1 | W11: 1 | X11: 0 | Y11: 44490
B12: POS056 | C12: System Administrator | D12: POS-0071 | E12: 经理/主管 Manager/Supervisor | F12: cdde0d53-fc81-41e0-8b64-f695b8c1e904 | G12: Logistic | H12: c32a3031-b567-4644-b062-4f5be998dbdc | I12: Logistic & Purchasing | J12: 682658b3-a9b5-467b-a263-6a151d60bfca | K12: REG | L12: Logistic Manager | M12: =_xlfn.XLOOKUP(L12,Sheet11!C:C,Sheet11!A:A,"") -> bc8fd694-29c1-454e-ba8c-d68f1f977187 | N12: Supervisor / Specialist | O12: c1faa696-3d68-43b9-bc90-a61ccc58abd3 | P12: Supervisor | Q12: f0122620-db0a-4023-87bf-c991a802be82 | R12: Indirect | S12: =_xlfn.XLOOKUP(R12,Sheet8!C:C,Sheet8!A:A,"") -> 09f6626a-fa13-4fea-a785-01671ff4e85e | T12: Indirect - Management | U12: c7eb4185-4029-47d5-9334-04937345a4d6 | V12: 1 | W12: 1 | X12: 0 | Y12: 44490
B13: POS116 | C13: Lead SCM | D13: POS-0072 | E13: 物流客服 Customer Service | F13: 5278e692-7ff8-4a27-bf51-3137dc831aee | G13: Logistic | H13: c32a3031-b567-4644-b062-4f5be998dbdc | I13: Supply Chain Management | J13: 09fd74cb-f1bd-4e54-a3ff-d8b0e502c2bd | K13: REG | L13: Logistic Manager | M13: =_xlfn.XLOOKUP(L13,Sheet11!C:C,Sheet11!A:A,"") -> bc8fd694-29c1-454e-ba8c-d68f1f977187 | N13: Supervisor / Specialist | O13: c1faa696-3d68-43b9-bc90-a61ccc58abd3 | P13: Supervisor | Q13: f0122620-db0a-4023-87bf-c991a802be82 | R13: Indirect | S13: =_xlfn.XLOOKUP(R13,Sheet8!C:C,Sheet8!A:A,"") -> 09f6626a-fa13-4fea-a785-01671ff4e85e | T13: Indirect - Management | U13: c7eb4185-4029-47d5-9334-04937345a4d6 | V13: 1 | W13: 1 | X13: 0 | Y13: 44927
... B54: POS169 | C54: QC Patrol PHL | D54: POS-0113 | E54: 检验员-注塑 Inspector-Injection | F54: 852468a1-4c6d-4dde-be54-c8f5fba46d5e | G54: Quality Assurance | H54: f8df2fd7-1bd9-410d-8848-214fda29c7bb | I54: Quality Control | J54: 0c437abc-7d98-49a8-a489-7063017ec3fe | K54: TMP | L54: Group Leader QC | M54: =_xlfn.XLOOKUP(L54,Sheet11!C:C,Sheet11!A:A,"") | N54: Skilled Worker | O54: f80a7823-a704-4f58-8c91-6381cf4729a7 | P54: Staff | Q54: a633733d-1c4d-4344-9c64-e182fdb41305 | R54: Quasy | S54: =_xlfn.XLOOKUP(R54,Sheet8!C:C,Sheet8!A:A,"") -> be1db140-88b0-4b68-a8be-531940183459 | T54: Quasi - Production Assisting | U54: ee25ea75-6384-497f-8946-284de122a25f | V54: 1 | W54: 1 | X54: 1 | Y54: 46043
B55: POS133 | C55: Setter | D55: POS-0114 | E55: 装模工 Mold Setter | F55: e85eebb4-da2b-46ba-a2aa-98e6377df6d8 | G55: Manufacturing | H55: edd72a9e-2349-4040-b9b1-4aa6897699d4 | I55: Production | J55: 961c9144-a5dd-4ec0-b3ee-749af5ee4fff | K55: REG | M55: =_xlfn.XLOOKUP(L55,Sheet11!C:C,Sheet11!A:A,"") -> 0 | N55: Skilled Worker | O55: f80a7823-a704-4f58-8c91-6381cf4729a7 | P55: Leader | Q55: 203d0c61-6655-4655-8d60-e895db055eec | R55: Quasy | S55: =_xlfn.XLOOKUP(R55,Sheet8!C:C,Sheet8!A:A,"") -> be1db140-88b0-4b68-a8be-531940183459 | T55: Quasi - Production Assisting | U55: ee25ea75-6384-497f-8946-284de122a25f | V55: 1 | W55: 1 | X55: 1 | Y55: 45658
B56: POS111 | C56: Warehouse Leader | D56: POS-0115 | E56: 仓库主管/保管员 Leader Warehouse | F56: ba5ceee7-1b0e-4b5d-8e41-886676c2b604 | G56: Logistic | H56: c32a3031-b567-4644-b062-4f5be998dbdc | I56: Logistic | J56: 6f143bbe-0ca4-4b8c-85f4-97798ebcd8a6 | K56: REG | L56: Logistic Manager | M56: =_xlfn.XLOOKUP(L56,Sheet11!C:C,Sheet11!A:A,"") -> bc8fd694-29c1-454e-ba8c-d68f1f977187 | N56: Skilled Worker | O56: f80a7823-a704-4f58-8c91-6381cf4729a7 | P56: Leader | Q56: 203d0c61-6655-4655-8d60-e895db055eec | R56: Quasy | S56: =_xlfn.XLOOKUP(R56,Sheet8!C:C,Sheet8!A:A,"") -> be1db140-88b0-4b68-a8be-531940183459 | T56: Quasi - Production Assisting | U56: ee25ea75-6384-497f-8946-284de122a25f | V56: 1 | W56: 1 | X56: 1 | Y56: 44564
B57: POS117 | C57: Delivery Leader | D57: POS-0116 | E57: 仓库主管/保管员 Leader Warehouse | F57: ba5ceee7-1b0e-4b5d-8e41-886676c2b604 | G57: Logistic | H57: c32a3031-b567-4644-b062-4f5be998dbdc | I57: Supply Chain Management | J57: 09fd74cb-f1bd-4e54-a3ff-d8b0e502c2bd | K57: REG | L57: Lead SCM | M57: =_xlfn.XLOOKUP(L57,Sheet11!C:C,Sheet11!A:A,"") | N57: Skilled Worker | O57: f80a7823-a704-4f58-8c91-6381cf4729a7 | P57: Leader | Q57: 203d0c61-6655-4655-8d60-e895db055eec | R57: Quasy | S57: =_xlfn.XLOOKUP(R57,Sheet8!C:C,Sheet8!A:A,"") -> be1db140-88b0-4b68-a8be-531940183459 | T57: Quasi - Production Assisting | U57: ee25ea75-6384-497f-8946-284de122a25f | V57: 1 | W57: 1 | X57: 1 | Y57: 44927
B58: POS050 | C58: Group Leader Material | D58: POS-0117 | E58: 仓库主管/保管员 Leader Warehouse | F58: ba5ceee7-1b0e-4b5d-8e41-886676c2b604 | G58: Logistic | H58: c32a3031-b567-4644-b062-4f5be998dbdc | I58: Supply Chain Management | J58: 09fd74cb-f1bd-4e54-a3ff-d8b0e502c2bd | K58: REG | L58: MRP Staff | M58: =_xlfn.XLOOKUP(L58,Sheet11!C:C,Sheet11!A:A,"") | N58: Skilled Worker | O58: f80a7823-a704-4f58-8c91-6381cf4729a7 | P58: Leader | Q58: 203d0c61-6655-4655-8d60-e895db055eec | R58: Quasy | S58: =_xlfn.XLOOKUP(R58,Sheet8!C:C,Sheet8!A:A,"") -> be1db140-88b0-4b68-a8be-531940183459 | T58: Quasi - Production Assisting | U58: ee25ea75-6384-497f-8946-284de122a25f | V58: 0 | W58: 1 | X58: 1 | Y58: 45678
B59: POS050 | C59: Group Leader Material | D59: POS-0118 | E59: 仓库主管/保管员 Leader Warehouse | F59: ba5ceee7-1b0e-4b5d-8e41-886676c2b604 | G59: Logistic | H59: c32a3031-b567-4644-b062-4f5be998dbdc | I59: Supply Chain Management | J59: 09fd74cb-f1bd-4e54-a3ff-d8b0e502c2bd | K59: REG | L59: MRP Staff | M59: =_xlfn.XLOOKUP(L59,Sheet11!C:C,Sheet11!A:A,"") | N59: Skilled Worker | O59: f80a7823-a704-4f58-8c91-6381cf4729a7 | P59: Leader | Q59: 203d0c61-6655-4655-8d60-e895db055eec | R59: Quasy | S59: =_xlfn.XLOOKUP(R59,Sheet8!C:C,Sheet8!A:A,"") -> be1db140-88b0-4b68-a8be-531940183459 | T59: Quasi - Production Assisting | U59: ee25ea75-6384-497f-8946-284de122a25f | V59: 0 | W59: 1 | X59: 1 | Y59: 45678
B60: POS050 | C60: Group Leader Material | D60: POS-0119 | E60: 仓库主管/保管员 Leader Warehouse | F60: ba5ceee7-1b0e-4b5d-8e41-886676c2b604 | G60: Logistic | H60: c32a3031-b567-4644-b062-4f5be998dbdc | I60: Supply Chain Management | J60: 09fd74cb-f1bd-4e54-a3ff-d8b0e502c2bd | K60: REG | L60: MRP Staff | M60: =_xlfn.XLOOKUP(L60,Sheet11!C:C,Sheet11!A:A,"") | N60: Skilled Worker | O60: f80a7823-a704-4f58-8c91-6381cf4729a7 | P60: Leader | Q60: 203d0c61-6655-4655-8d60-e895db055eec | R60: Quasy | S60: =_xlfn.XLOOKUP(R60,Sheet8!C:C,Sheet8!A:A,"") -> be1db140-88b0-4b68-a8be-531940183459 | T60: Quasi - Production Assisting | U60: ee25ea75-6384-497f-8946-284de122a25f | V60: 0 | W60: 1 | X60: 1 | Y60: 45678
B61: POS166 | C61: Group Leader Delivery | D61: POS-0120 | E61: 仓库主管/保管员 Leader Warehouse | F61: ba5ceee7-1b0e-4b5d-8e41-886676c2b604 | G61: Logistic | H61: c32a3031-b567-4644-b062-4f5be998dbdc | I61: Supply Chain Management | J61: 09fd74cb-f1bd-4e54-a3ff-d8b0e502c2bd | K61: REG | L61: Lead SCM | M61: =_xlfn.XLOOKUP(L61,Sheet11!C:C,Sheet11!A:A,"") | N61: Skilled Worker | O61: f80a7823-a704-4f58-8c91-6381cf4729a7 | P61: Leader | Q61: 203d0c61-6655-4655-8d60-e895db055eec | R61: Quasy | S61: =_xlfn.XLOOKUP(R61,Sheet8!C:C,Sheet8!A:A,"") -> be1db140-88b0-4b68-a8be-531940183459 | T61: Quasi - Production Assisting | U61: ee25ea75-6384-497f-8946-284de122a25f | V61: 1 | W61: 1 | X61: 1 | Y61: 46023
B62: POS074 | C62: QC Patrol Leader | D62: POS-0121 | E62: 检验员-注塑 Inspector-Injection | F62: 852468a1-4c6d-4dde-be54-c8f5fba46d5e | G62: Quality Assurance | H62: f8df2fd7-1bd9-410d-8848-214fda29c7bb | I62: Quality Control | J62: 0c437abc-7d98-49a8-a489-7063017ec3fe | K62: REG | L62: QC Coordinator | M62: =_xlfn.XLOOKUP(L62,Sheet11!C:C,Sheet11!A:A,"") | N62: Skilled Worker | O62: f80a7823-a704-4f58-8c91-6381cf4729a7 | P62: Leader | Q62: 203d0c61-6655-4655-8d60-e895db055eec | R62: Quasy | S62: =_xlfn.XLOOKUP(R62,Sheet8!C:C,Sheet8!A:A,"") -> be1db140-88b0-4b68-a8be-531940183459 | T62: Quasi - Production Assisting | U62: ee25ea75-6384-497f-8946-284de122a25f | V62: 1 | W62: 1 | X62: 1 | Y62: 44490
B63: POS081 | C63: QC Coordinator | D63: POS-0122 | E63: 检验员-注塑 Inspector-Injection | F63: 852468a1-4c6d-4dde-be54-c8f5fba46d5e | G63: Quality Assurance | H63: f8df2fd7-1bd9-410d-8848-214fda29c7bb | I63: Quality Control | J63: 0c437abc-7d98-49a8-a489-7063017ec3fe | K63: REG | L63: Lead QC | M63: =_xlfn.XLOOKUP(L63,Sheet11!C:C,Sheet11!A:A,"") | N63: Skilled Worker | O63: f80a7823-a704-4f58-8c91-6381cf4729a7 | P63: Leader | Q63: 203d0c61-6655-4655-8d60-e895db055eec | R63: Quasy | S63: =_xlfn.XLOOKUP(R63,Sheet8!C:C,Sheet8!A:A,"") -> be1db140-88b0-4b68-a8be-531940183459 | T63: Quasi - Production Assisting | U63: ee25ea75-6384-497f-8946-284de122a25f | V63: 1 | W63: 1 | X63: 1 | Y63: 44490
B64: POS108 | C64: Group Leader QC | D64: POS-0123 | E64: 检验员-注塑 Inspector-Injection | F64: 852468a1-4c6d-4dde-be54-c8f5fba46d5e | G64: Quality Assurance | H64: f8df2fd7-1bd9-410d-8848-214fda29c7bb | I64: Quality Control | J64: 0c437abc-7d98-49a8-a489-7063017ec3fe | K64: REG | L64: QC Coordinator | M64: =_xlfn.XLOOKUP(L64,Sheet11!C:C,Sheet11!A:A,"") | N64: Skilled Worker | O64: f80a7823-a704-4f58-8c91-6381cf4729a7 | P64: Leader | Q64: 203d0c61-6655-4655-8d60-e895db055eec | R64: Quasy | S64: =_xlfn.XLOOKUP(R64,Sheet8!C:C,Sheet8!A:A,"") -> be1db140-88b0-4b68-a8be-531940183459 | T64: Quasi - Production Assisting | U64: ee25ea75-6384-497f-8946-284de122a25f | V64: 1 | W64: 1 | X64: 1 | Y64: 44197
B65: POS103 | C65: WH FG Leader | D65: POS-0124 | E65: 仓库主管/保管员 Leader Warehouse | F65: ba5ceee7-1b0e-4b5d-8e41-886676c2b604 | G65: Logistic | H65: c32a3031-b567-4644-b062-4f5be998dbdc | I65: Logistic | J65: 6f143bbe-0ca4-4b8c-85f4-97798ebcd8a6 | K65: REG | L65: Logistic Manager | M65: =_xlfn.XLOOKUP(L65,Sheet11!C:C,Sheet11!A:A,"") -> bc8fd694-29c1-454e-ba8c-d68f1f977187 | N65: Skilled Worker | O65: f80a7823-a704-4f58-8c91-6381cf4729a7 | P65: Leader | Q65: 203d0c61-6655-4655-8d60-e895db055eec | R65: Direct | S65: =_xlfn.XLOOKUP(R65,Sheet8!C:C,Sheet8!A:A,"") -> 1a28660d-6784-405c-92cc-d65248bfbfd4 | T65: Quasi - Production Assisting | U65: ee25ea75-6384-497f-8946-284de122a25f | V65: 1 | W65: 1 | X65: 1 | Y65: 44564
B66: POS135 | C66: Admin HRGA | D66: POS-0125 | E66: 外包工人 Outsourced Worker | F66: 55161aec-9133-42e3-ac42-549273940d84 | G66: HRGA | H66: 70b198d1-8c23-458e-b106-f9e9bad7eebf | I66: HR | J66: 452b7826-802d-4066-a122-6bf04cd5fbbb | K66: TMP | L66: HR Staff | M66: =_xlfn.XLOOKUP(L66,Sheet11!C:C,Sheet11!A:A,"") | N66: Non Skill Worker | O66: 08268640-150b-4c32-8bd9-2afc7f597649 | P66: Helper | Q66: 086c928a-6ae8-4464-9609-a1980ff446f0 | R66: Indirect | S66: =_xlfn.XLOOKUP(R66,Sheet8!C:C,Sheet8!A:A,"") -> 09f6626a-fa13-4fea-a785-01671ff4e85e | T66: Indirect - Administration | U66: 7799bc59-163d-4f9f-928b-f7ced8ea241b | V66: 1 | W66: 1 | X66: 1 | Y66: 45713
B67: POS155 | C67: Training Helper | D67: POS-0126 | E67: 外包工人 Outsourced Worker | F67: 55161aec-9133-42e3-ac42-549273940d84 | G67: HRGA | H67: 70b198d1-8c23-458e-b106-f9e9bad7eebf | I67: HR | J67: 452b7826-802d-4066-a122-6bf04cd5fbbb | K67: TMP | L67: HRGA Manager | M67: =_xlfn.XLOOKUP(L67,Sheet11!C:C,Sheet11!A:A,"") -> 2d22cf03-e3da-4e44-be90-66770884d540 | N67: Non Skill Worker | O67: 08268640-150b-4c32-8bd9-2afc7f597649 | P67: Helper | Q67: 086c928a-6ae8-4464-9609-a1980ff446f0 | R67: Indirect | S67: =_xlfn.XLOOKUP(R67,Sheet8!C:C,Sheet8!A:A,"") -> 09f6626a-fa13-4fea-a785-01671ff4e85e | T67: Indirect - Administration | U67: 7799bc59-163d-4f9f-928b-f7ced8ea241b | V67: 1 | W67: 1 | X67: 1 | Y67: 42736
... B143: POS045 | C143: Driver Milkrun | D143: POS-0202 | E143: 辅助工—原辅料Assistance-Raw Material/Auxiliary Material | F143: 48abd7c1-020c-4f6e-a8de-d5d85efd1436 | G143: Logistic | H143: c32a3031-b567-4644-b062-4f5be998dbdc | I143: Logistic | J143: 6f143bbe-0ca4-4b8c-85f4-97798ebcd8a6 | K143: REG | L143: Group Leader Warehouse | M143: =_xlfn.XLOOKUP(L143,Sheet11!C:C,Sheet11!A:A,"") -> f14b589b-747b-42cd-988f-07b7432f7d8b | N143: Basic Skill Worker | O143: 3720d189-8344-4c84-b2fd-a5d76f64c50f | P143: Operator | Q143: 1de61e7e-dd28-43b6-aeb9-a9165e956ec1 | R143: Indirect | S143: =_xlfn.XLOOKUP(R143,Sheet8!C:C,Sheet8!A:A,"") -> 09f6626a-fa13-4fea-a785-01671ff4e85e | T143: Indirect - Supporting Service | U143: 39e6af02-a825-470a-ac7d-c6d2ecb57d48 | V143: 1 | W143: 1 | X143: 1 | Y143: 42736

Sheet Sheet3
A1: id | B1: code | C1: name
A2: 229828ce-6242-497a-9b60-6f2298ffbc57 | B2: PNBHX-0001 | C2: 经理室 GMs Office | D2: 43831 | F2: 2026-01-07 10:56:23+07 | G2: 92 | H2: 2026-01-07 10:56:23+07
A3: e7bc39fa-9436-4883-ab9a-1b12836dab36 | B3: PNBHX-0002 | C3: 销售部 Sales Dept. | D3: 43831 | F3: 2026-01-07 10:56:33+07 | G3: 92 | H3: 2026-01-07 10:56:33+07
A4: cdde0d53-fc81-41e0-8b64-f695b8c1e904 | B4: PNBHX-0003 | C4: 经理/主管 Manager/Supervisor | D4: 43831 | F4: 2026-01-07 10:56:43+07 | G4: 92 | H4: 2026-01-07 10:56:43+07
A5: 6600e63e-3a94-41f3-a94c-74c7d423a70e | B5: PNBHX-0004 | C5: 生产工程师 PE | D5: 43831 | F5: 2026-01-07 10:56:50+07 | G5: 92 | H5: 2026-01-07 10:56:50+07
A6: da334582-95ef-48ce-a87b-b01ccbff1a57 | B6: PNBHX-0005 | C6: 木工 Others | D6: 43831 | F6: 2026-01-07 10:56:56+07 | G6: 92 | H6: 2026-01-07 10:56:56+07
A7: 1a18368c-d9ab-45f7-a7a1-f1f6b0ae2bf7 | B7: PNBHX-0006 | C7: 计划员 Production Planer | D7: 43831 | F7: 2026-01-07 10:57:03+07 | G7: 92 | H7: 2026-01-07 10:57:03+07
A8: 92aaaabe-7306-4be6-a9f0-537fa0219d7b | B8: PNBHX-0007 | C8: 标签员 Label Printer | D8: 43831 | F8: 2026-01-07 10:57:11+07 | G8: 92 | H8: 2026-01-07 10:57:11+07
A9: f1afeb99-8756-4ac3-be35-f7a901c5cadd | B9: PNBHX-0008 | C9: 统计分析员Statistician/Analyst | D9: 43831 | F9: 2026-01-07 10:57:18+07 | G9: 92 | H9: 2026-01-07 10:57:18+07
A10: f0b38536-a5c1-4aba-841f-ee15bc04fcc2 | B10: PNBHX-0009 | C10: 设备主管/维修保养员 Mainttenance Supervisor/ Mainttenance | D10: 43831 | F10: 2026-01-07 10:57:25+07 | G10: 92 | H10: 2026-01-07 10:57:25+07
A11: 4d3590c9-9fc1-4061-b853-3d1fb616702e | B11: PNBHX-0010 | C11: 模具主管/维修保养员 Mould Tech | D11: 43831 | F11: 2026-01-07 10:57:47+07 | G11: 92 | H11: 2026-01-07 10:57:47+07
A12: 22e498a8-dca2-44f5-9c5d-9eeaeeb3a393 | B12: PNBHX-0011 | C12: 工长 Shift Leader | D12: 43831 | F12: 2026-01-07 10:57:53+07 | G12: 92 | H12: 2026-01-07 10:57:53+07
A13: e85eebb4-da2b-46ba-a2aa-98e6377df6d8 | B13: PNBHX-0012 | C13: 装模工 Mold Setter | D13: 43831 | F13: 2026-01-07 10:57:58+07 | G13: 92 | H13: 2026-01-07 10:57:58+07
... A37: 55161aec-9133-42e3-ac42-549273940d84 | B37: PNBHX-0036 | C37: 外包工人 Outsourced Worker | D37: 43831 | F37: 2026-01-07 11:00:34+07 | G37: 92 | H37: 2026-01-07 11:00:34+07

Sheet Sheet4
A1: bc37c241-955c-4c8b-a7d9-36f65f2b203b | B1: DPT-0001 | C1: BOD | D1: 经理室 GMs Office | E1: 43831 | F1: 2026-01-08 16:14:01+07 | G1: 92 | H1: 2026-01-08 16:15:35+07 | I1: 92
A2: 70b198d1-8c23-458e-b106-f9e9bad7eebf | B2: DPT-0002 | C2: HRGA | D2: 人事部 HR Dept. | E2: 43831 | F2: 2026-01-08 16:14:06+07 | G2: 92 | H2: 2026-01-08 16:15:42+07 | I2: 92
A3: edd72a9e-2349-4040-b9b1-4aa6897699d4 | B3: DPT-0003 | C3: Manufacturing | D3: 制造部 Manufacturing Dept. | E3: 43831 | F3: 2026-01-08 16:14:11+07 | G3: 92 | H3: 2026-01-08 16:15:50+07 | I3: 92
A4: a08c803f-d22d-429f-976a-aa6f4b6dd85e | B4: DPT-0004 | C4: Finance & Accounting | D4: 财务部 Finance Dept. | E4: 43831 | F4: 2026-01-08 16:14:16+07 | G4: 92 | H4: 2026-01-08 16:15:56+07 | I4: 92
A5: f8df2fd7-1bd9-410d-8848-214fda29c7bb | B5: DPT-0005 | C5: Quality Assurance | D5: 质保部 Quality Dept | E5: 43831 | F5: 2026-01-08 16:14:21+07 | G5: 92 | H5: 2026-01-08 16:16:05+07 | I5: 92
A6: 0056a8db-a632-4289-8200-fd47a50b3076 | B6: DPT-0006 | C6: Research & Development | D6: 开发部 R&D Dept. | E6: 43831 | F6: 2026-01-08 16:14:27+07 | G6: 92 | H6: 2026-01-08 16:16:11+07 | I6: 92
A7: 24215ee0-9c9c-4c04-8fa1-3d5b4b726252 | B7: DPT-0007 | C7: Quality Management System | E7: 43831 | F7: 2026-01-08 16:14:34+07 | G7: 92 | H7: 2026-01-08 16:14:34+07
A8: c32a3031-b567-4644-b062-4f5be998dbdc | B8: DPT-0008 | C8: Logistic | D8: 物流部 Logistic Dept. | E8: 43831 | F8: 2026-01-08 16:14:39+07 | G8: 92 | H8: 2026-01-08 16:16:18+07 | I8: 92
A9: a9d32223-ee13-4fda-9ff8-6be7a2fbadc7 | B9: DPT-0009 | C9: Business & Sales | D9: 商务部 Business Dept. | E9: 43831 | F9: 2026-01-08 16:14:45+07 | G9: 92 | H9: 2026-01-08 16:16:27+07 | I9: 92
A10: 2478edec-af5c-45bc-8310-a53cbd46fb30 | B10: DPT-0010 | C10: Purchasing | E10: 43831 | F10: 2026-01-08 16:15:05+07 | G10: 92 | H10: 2026-01-08 16:15:05+07
A11: dbd2fcb6-1fa7-42ac-acef-b68783717cc6 | B11: DPT-0011 | C11: System Operation | E11: 43831 | F11: 2026-01-08 16:15:12+07 | G11: 92 | H11: 2026-01-08 16:15:12+07

Sheet Sheet5
A1: b660835f-bd6c-4684-81d9-714d9d4526b2 | B1: SCT-0001 | C1: bc37c241-955c-4c8b-a7d9-36f65f2b203b | D1: BOD | F1: 43831 | G1: 2026-01-08 16:17:53+07 | H1: 92 | I1: 2026-01-08 16:17:53+07
A2: db10c294-aad8-47fa-ba93-234091d1ab92 | B2: SCT-0002 | C2: a9d32223-ee13-4fda-9ff8-6be7a2fbadc7 | D2: Business & Sales | F2: 43831 | G2: 2026-01-08 16:18:01+07 | H2: 92 | I2: 2026-01-08 16:18:01+07
A3: cef90d7a-9339-411b-9cfd-46e8cc313b1a | B3: SCT-0003 | C3: edd72a9e-2349-4040-b9b1-4aa6897699d4 | D3: Manufacturing | F3: 43831 | G3: 2026-01-08 16:18:10+07 | H3: 92 | I3: 2026-01-08 16:18:10+07
A4: 5fc9324b-415f-4f2f-9841-9594f30bfda6 | B4: SCT-0004 | C4: edd72a9e-2349-4040-b9b1-4aa6897699d4 | D4: Production Planner | F4: 43831 | G4: 2026-01-08 16:18:17+07 | H4: 92 | I4: 2026-01-08 16:18:17+07
A5: ff7bbee4-03ed-4103-9874-e9720306b9be | B5: SCT-0005 | C5: edd72a9e-2349-4040-b9b1-4aa6897699d4 | D5: Maintenance | F5: 43831 | G5: 2026-01-08 16:18:26+07 | H5: 92 | I5: 2026-01-08 16:18:26+07
A6: 961c9144-a5dd-4ec0-b3ee-749af5ee4fff | B6: SCT-0006 | C6: edd72a9e-2349-4040-b9b1-4aa6897699d4 | D6: Production | F6: 43831 | G6: 2026-01-08 16:18:33+07 | H6: 92 | I6: 2026-01-08 16:18:33+07
A7: 82e9a230-abfb-4833-963e-db7ed74e2386 | B7: SCT-0007 | C7: edd72a9e-2349-4040-b9b1-4aa6897699d4 | D7: Final Inspection | F7: 43831 | G7: 2026-01-08 16:18:40+07 | H7: 92 | I7: 2026-01-08 16:18:40+07
A8: cbb62459-e099-45a7-b2c2-3932a7368c6e | B8: SCT-0008 | C8: a08c803f-d22d-429f-976a-aa6f4b6dd85e | D8: Finance & Accounting | F8: 43831 | G8: 2026-01-08 16:18:48+07 | H8: 92 | I8: 2026-01-08 16:18:48+07
A9: 6f143bbe-0ca4-4b8c-85f4-97798ebcd8a6 | B9: SCT-0009 | C9: c32a3031-b567-4644-b062-4f5be998dbdc | D9: Logistic | F9: 43831 | G9: 2026-01-08 16:19:19+07 | H9: 92 | I9: 2026-01-08 16:19:19+07
A10: 566d3e73-2121-4d08-9745-c5311dc48f1b | B10: SCT-0010 | C10: c32a3031-b567-4644-b062-4f5be998dbdc | D10: Purchasing | F10: 43831 | G10: 2026-01-08 16:19:27+07 | H10: 92 | I10: 2026-01-08 16:19:27+07
A11: 682658b3-a9b5-467b-a263-6a151d60bfca | B11: SCT-0011 | C11: c32a3031-b567-4644-b062-4f5be998dbdc | D11: Logistic & Purchasing | F11: 43831 | G11: 2026-01-08 16:19:35+07 | H11: 92 | I11: 2026-01-08 16:19:35+07
A12: 0c437abc-7d98-49a8-a489-7063017ec3fe | B12: SCT-0012 | C12: f8df2fd7-1bd9-410d-8848-214fda29c7bb | D12: Quality Control | F12: 43831 | G12: 2026-01-08 16:19:43+07 | H12: 92 | I12: 2026-01-08 16:19:43+07
... A25: 019c6fcb-059d-752a-a2ec-12c462b4b44a | B25: SCT-0025 | C25: edd72a9e-2349-4040-b9b1-4aa6897699d4 | D25: Assembly | F25: 44490 | G25: 2026-02-18 15:08:22+07 | H25: 92 | I25: 2026-02-18 15:08:22+07

Sheet Sheet6
A1: 08268640-150b-4c32-8bd9-2afc7f597649 | B1: EGR-0001 | C1: Non Skill Worker | D1: 44495 | F1: 2026-01-06 14:57:53+07 | G1: 92 | H1: 2026-01-06 14:57:53+07
A2: 3720d189-8344-4c84-b2fd-a5d76f64c50f | B2: EGR-0002 | C2: Basic Skill Worker | D2: 44495 | F2: 2026-01-06 14:58:05+07 | G2: 92 | H2: 2026-01-06 14:58:05+07
A3: f80a7823-a704-4f58-8c91-6381cf4729a7 | B3: EGR-0003 | C3: Skilled Worker | D3: 44495 | F3: 2026-01-06 14:58:15+07 | G3: 92 | H3: 2026-01-06 14:58:15+07
A4: c1faa696-3d68-43b9-bc90-a61ccc58abd3 | B4: EGR-0004 | C4: Supervisor / Specialist | D4: 44495 | F4: 2026-01-06 14:58:23+07 | G4: 92 | H4: 2026-01-06 14:58:23+07
A5: 5ee27c78-aa03-4547-a1f2-b42a6e1bb1db | B5: EGR-0005 | C5: Manager | D5: 44495 | F5: 2026-01-06 14:58:31+07 | G5: 92 | H5: 2026-01-06 14:58:31+07
A6: c11f555f-62e2-4ffb-9615-a56f6d743f4d | B6: EGR-0006 | C6: General Manager | D6: 44495 | F6: 2026-01-06 14:58:40+07 | G6: 92 | H6: 2026-01-06 14:58:40+07

Sheet Sheet7
A1: 086c928a-6ae8-4464-9609-a1980ff446f0 | B1: ERK-0001 | C1: Helper | D1: 43831 | F1: 2026-01-07 09:53:51+07 | G1: 92 | H1: 2026-01-07 09:53:51+07
A2: 1de61e7e-dd28-43b6-aeb9-a9165e956ec1 | B2: ERK-0002 | C2: Operator | D2: 43831 | F2: 2026-01-07 09:54:01+07 | G2: 92 | H2: 2026-01-07 09:54:01+07
A3: a633733d-1c4d-4344-9c64-e182fdb41305 | B3: ERK-0003 | C3: Staff | D3: 43831 | F3: 2026-01-07 09:54:11+07 | G3: 92 | H3: 2026-01-07 09:54:11+07
A4: ab9b84f9-a770-408f-9217-510d080a5055 | B4: ERK-0004 | C4: Technician | D4: 43831 | F4: 2026-01-07 09:54:21+07 | G4: 92 | H4: 2026-01-07 09:54:21+07
A5: 5793c653-2a50-4a9d-a36e-892aa1d3b170 | B5: ERK-0005 | C5: Engineer | D5: 43831 | F5: 2026-01-07 09:54:29+07 | G5: 92 | H5: 2026-01-07 09:54:29+07
A6: 203d0c61-6655-4655-8d60-e895db055eec | B6: ERK-0006 | C6: Leader | D6: 43831 | F6: 2026-01-07 09:54:37+07 | G6: 92 | H6: 2026-01-07 09:54:37+07
A7: f0122620-db0a-4023-87bf-c991a802be82 | B7: ERK-0007 | C7: Supervisor | D7: 43831 | F7: 2026-01-07 09:54:43+07 | G7: 92 | H7: 2026-01-07 09:54:43+07
A8: 2e24f844-b38d-4b06-bb92-8b2106e530dc | B8: ERK-0008 | C8: Manager | D8: 43831 | F8: 2026-01-07 09:54:51+07 | G8: 92 | H8: 2026-01-07 09:54:51+07
A9: d2077a67-b150-4275-90c0-c8191357780c | B9: ERK-0009 | C9: General Manager | D9: 43831 | F9: 2026-01-07 09:54:58+07 | G9: 92 | H9: 2026-01-07 09:54:58+07

Sheet Sheet8
A1: 1a28660d-6784-405c-92cc-d65248bfbfd4 | B1: ECT0002 | C1: Direct | D1: 43831 | F1: 2026-01-06 16:52:17+07 | G1: 92 | H1: 2026-01-06 16:52:48+07
A2: be1db140-88b0-4b68-a8be-531940183459 | B2: ECT0003 | C2: Quasy | D2: 43831 | F2: 2026-01-06 16:52:25+07 | G2: 92 | H2: 2026-01-06 16:52:48+07
A3: 09f6626a-fa13-4fea-a785-01671ff4e85e | B3: ECT0001 | C3: Indirect | D3: 43831 | F3: 2026-01-06 16:45:32+07 | G3: 92 | H3: 2026-01-06 16:53:21+07 | I3: 92

Sheet Sheet9
A1: c0e58049-3a86-427f-834c-6cf11f5430ea | B1: CNBHX-0002 | C1: Indirect - Business | D1: 43831 | F1: 2026-01-07 10:25:39+07 | G1: 92 | H1: 2026-01-07 10:27:07+07
A2: ee25ea75-6384-497f-8946-284de122a25f | B2: CNBHX-0003 | C2: Quasi - Production Assisting | D2: 43831 | F2: 2026-01-07 10:25:48+07 | G2: 92 | H2: 2026-01-07 10:27:07+07
A3: 7799bc59-163d-4f9f-928b-f7ced8ea241b | B3: CNBHX-0004 | C3: Indirect - Administration | D3: 43831 | F3: 2026-01-07 10:25:55+07 | G3: 92 | H3: 2026-01-07 10:27:07+07
A4: dd7ddffc-014b-4763-b231-da1b8b8568a5 | B4: CNBHX-0005 | C4: Indirect - Technical | D4: 43831 | F4: 2026-01-07 10:26:02+07 | G4: 92 | H4: 2026-01-07 10:27:07+07
A5: dda0cc4a-3b78-452d-82f0-2f458f010ce4 | B5: CNBHX-0006 | C5: Direct - Production Worker | D5: 43831 | F5: 2026-01-07 10:26:09+07 | G5: 92 | H5: 2026-01-07 10:27:07+07
A6: 39e6af02-a825-470a-ac7d-c6d2ecb57d48 | B6: CNBHX-0007 | C6: Indirect - Supporting Service | D6: 43831 | F6: 2026-01-07 10:26:15+07 | G6: 92 | H6: 2026-01-07 10:27:07+07
A7: c7eb4185-4029-47d5-9334-04937345a4d6 | B7: CNBHX-0001 | C7: Indirect - Management | D7: 43831 | F7: 2026-01-07 10:25:30+07 | G7: 92 | H7: 2026-01-07 10:27:07+07 | I7: 92

Sheet Sheet11
A1: id | B1: code | C1: name
A2: 669dd1ca-2a4c-4128-a63f-8ef120f50e02 | B2: POS-0002 | C2: Vice General Manager | E2: 229828ce-6242-497a-9b60-6f2298ffbc57 | F2: bc37c241-955c-4c8b-a7d9-36f65f2b203b | G2: b660835f-bd6c-4684-81d9-714d9d4526b2 | H2: c2d970bc-3249-4f62-948d-0d50d9d5588e | I2: c11f555f-62e2-4ffb-9615-a56f6d743f4d | J2: d2077a67-b150-4275-90c0-c8191357780c | K2: REG | L2: 09f6626a-fa13-4fea-a785-01671ff4e85e | M2: c7eb4185-4029-47d5-9334-04937345a4d6 | N2: 43831 | O2: 0 | P2: 0 | Q2: 2026-01-12 10:44:33+07 | R2: 92 | S2: 2026-01-13 09:52:36+07
A3: 8b97c0dd-b007-47fc-8218-839407dd3f50 | B3: POS-0011 | C3: Lead Planner | E3: cdde0d53-fc81-41e0-8b64-f695b8c1e904 | F3: edd72a9e-2349-4040-b9b1-4aa6897699d4 | G3: 5fc9324b-415f-4f2f-9841-9594f30bfda6 | H3: 942745ac-02ff-4409-822b-677a97cf117a | I3: c1faa696-3d68-43b9-bc90-a61ccc58abd3 | J3: f0122620-db0a-4023-87bf-c991a802be82 | K3: REG | L3: 09f6626a-fa13-4fea-a785-01671ff4e85e | M3: c7eb4185-4029-47d5-9334-04937345a4d6 | N3: 43831 | O3: 1 | P3: 0 | Q3: 2026-01-12 10:53:15+07 | R3: 92 | S3: 2026-01-13 09:52:43+07
A4: ca3690fe-7ace-4fb4-9f5f-d58031b8987d | B4: POS-0012 | C4: Shift Leader Injection | E4: 22e498a8-dca2-44f5-9c5d-9eeaeeb3a393 | F4: edd72a9e-2349-4040-b9b1-4aa6897699d4 | G4: 961c9144-a5dd-4ec0-b3ee-749af5ee4fff | H4: 942745ac-02ff-4409-822b-677a97cf117a | I4: c1faa696-3d68-43b9-bc90-a61ccc58abd3 | J4: f0122620-db0a-4023-87bf-c991a802be82 | K4: REG | L4: be1db140-88b0-4b68-a8be-531940183459 | M4: ee25ea75-6384-497f-8946-284de122a25f | N4: 43831 | O4: 1 | P4: 0 | Q4: 2026-01-12 10:55:46+07 | R4: 92 | S4: 2026-01-13 09:52:43+07
A5: 0a998918-1619-4ab5-8a03-1a3eed9cf2f3 | B5: POS-0013 | C5: Shift Leader Injection B | E5: 22e498a8-dca2-44f5-9c5d-9eeaeeb3a393 | F5: edd72a9e-2349-4040-b9b1-4aa6897699d4 | G5: 961c9144-a5dd-4ec0-b3ee-749af5ee4fff | H5: 942745ac-02ff-4409-822b-677a97cf117a | I5: c1faa696-3d68-43b9-bc90-a61ccc58abd3 | J5: f0122620-db0a-4023-87bf-c991a802be82 | K5: REG | L5: 09f6626a-fa13-4fea-a785-01671ff4e85e | M5: ee25ea75-6384-497f-8946-284de122a25f | N5: 43831 | O5: 1 | P5: 0 | Q5: 2026-01-12 10:56:48+07 | R5: 92 | S5: 2026-01-13 09:52:43+07
A6: 4a4fac80-f714-4213-9b6a-3220975b927d | B6: POS-0014 | C6: Shift Leader Injection C | E6: 22e498a8-dca2-44f5-9c5d-9eeaeeb3a393 | F6: edd72a9e-2349-4040-b9b1-4aa6897699d4 | G6: 961c9144-a5dd-4ec0-b3ee-749af5ee4fff | H6: 942745ac-02ff-4409-822b-677a97cf117a | I6: c1faa696-3d68-43b9-bc90-a61ccc58abd3 | J6: f0122620-db0a-4023-87bf-c991a802be82 | K6: REG | L6: 09f6626a-fa13-4fea-a785-01671ff4e85e | M6: ee25ea75-6384-497f-8946-284de122a25f | N6: 43831 | O6: 1 | P6: 0 | Q6: 2026-01-12 10:57:46+07 | R6: 92 | S6: 2026-01-13 09:52:43+07
A7: 725b34f8-7c2d-4eac-b80d-f42d2187f70e | B7: POS-0015 | C7: Group Leader Injection C | E7: e85eebb4-da2b-46ba-a2aa-98e6377df6d8 | F7: edd72a9e-2349-4040-b9b1-4aa6897699d4 | G7: 961c9144-a5dd-4ec0-b3ee-749af5ee4fff | H7: 4a4fac80-f714-4213-9b6a-3220975b927d | I7: f80a7823-a704-4f58-8c91-6381cf4729a7 | J7: 203d0c61-6655-4655-8d60-e895db055eec | K7: REG | L7: 1a28660d-6784-405c-92cc-d65248bfbfd4 | M7: dda0cc4a-3b78-452d-82f0-2f458f010ce4 | N7: 43831 | O7: 1 | P7: 1 | Q7: 2026-01-12 10:58:56+07 | R7: 92 | S7: 2026-01-13 09:52:43+07
A8: c772963c-22c6-4a70-b408-707d9869e900 | B8: POS-0016 | C8: Shift Leader FI | E8: 22e498a8-dca2-44f5-9c5d-9eeaeeb3a393 | F8: edd72a9e-2349-4040-b9b1-4aa6897699d4 | G8: 82e9a230-abfb-4833-963e-db7ed74e2386 | H8: 8b97c0dd-b007-47fc-8218-839407dd3f50 | I8: c1faa696-3d68-43b9-bc90-a61ccc58abd3 | J8: f0122620-db0a-4023-87bf-c991a802be82 | K8: REG | L8: be1db140-88b0-4b68-a8be-531940183459 | M8: ee25ea75-6384-497f-8946-284de122a25f | N8: 43831 | O8: 1 | P8: 0 | Q8: 2026-01-12 11:00:05+07 | R8: 92 | S8: 2026-01-13 09:52:43+07
A9: e16d0268-2d4f-48ff-8aae-591dc632ae52 | B9: POS-0017 | C9: Group Leader Final Inspection | E9: 3573b8bf-31b7-43b1-95c5-3404363762c5 | F9: edd72a9e-2349-4040-b9b1-4aa6897699d4 | G9: 82e9a230-abfb-4833-963e-db7ed74e2386 | H9: c772963c-22c6-4a70-b408-707d9869e900 | I9: f80a7823-a704-4f58-8c91-6381cf4729a7 | J9: 203d0c61-6655-4655-8d60-e895db055eec | K9: REG | L9: be1db140-88b0-4b68-a8be-531940183459 | M9: ee25ea75-6384-497f-8946-284de122a25f | N9: 43831 | O9: 1 | P9: 1 | Q9: 2026-01-12 11:01:50+07 | R9: 92 | S9: 2026-01-13 09:52:43+07
A10: a82fd4d9-3efa-4922-b1f6-4863cb5c09bb | B10: POS-0018 | C10: Lead IRGA | E10: 988c0828-59ae-4278-b58a-ec4ad79feced | F10: 70b198d1-8c23-458e-b106-f9e9bad7eebf | G10: 4d0438e3-630e-480c-b012-1ea2196463aa | H10: 2d22cf03-e3da-4e44-be90-66770884d540 | I10: c1faa696-3d68-43b9-bc90-a61ccc58abd3 | J10: f0122620-db0a-4023-87bf-c991a802be82 | K10: REG | L10: 09f6626a-fa13-4fea-a785-01671ff4e85e | M10: c7eb4185-4029-47d5-9334-04937345a4d6 | N10: 43831 | O10: 1 | P10: 0 | Q10: 2026-01-12 11:02:41+07 | R10: 92 | S10: 2026-01-13 09:52:43+07
A11: 942745ac-02ff-4409-822b-677a97cf117a | B11: POS-0003 | C11: Manufacturing Manager | E11: cdde0d53-fc81-41e0-8b64-f695b8c1e904 | F11: edd72a9e-2349-4040-b9b1-4aa6897699d4 | G11: cef90d7a-9339-411b-9cfd-46e8cc313b1a | H11: c2d970bc-3249-4f62-948d-0d50d9d5588e | I11: 5ee27c78-aa03-4547-a1f2-b42a6e1bb1db | J11: 2e24f844-b38d-4b06-bb92-8b2106e530dc | K11: REG | L11: 09f6626a-fa13-4fea-a785-01671ff4e85e | M11: c7eb4185-4029-47d5-9334-04937345a4d6 | N11: 43831 | O11: 0 | P11: 0 | Q11: 2026-01-12 10:45:17+07 | R11: 92 | S11: 2026-01-13 09:52:36+07
A12: a768a360-23cc-48d6-9a43-fb17bb379b7a | B12: POS-0004 | C12: Finance & Accounting Manager | E12: 07486584-eba8-4582-a027-73fda1a7aba6 | F12: a08c803f-d22d-429f-976a-aa6f4b6dd85e | G12: cbb62459-e099-45a7-b2c2-3932a7368c6e | H12: c2d970bc-3249-4f62-948d-0d50d9d5588e | I12: 5ee27c78-aa03-4547-a1f2-b42a6e1bb1db | J12: 2e24f844-b38d-4b06-bb92-8b2106e530dc | K12: REG | L12: 09f6626a-fa13-4fea-a785-01671ff4e85e | M12: c7eb4185-4029-47d5-9334-04937345a4d6 | N12: 43831 | O12: 0 | P12: 0 | Q12: 2026-01-12 10:46:04+07 | R12: 92 | S12: 2026-01-13 09:52:36+07
A13: 2d22cf03-e3da-4e44-be90-66770884d540 | B13: POS-0005 | C13: HRGA Manager | E13: 988c0828-59ae-4278-b58a-ec4ad79feced | F13: 70b198d1-8c23-458e-b106-f9e9bad7eebf | G13: 452b7826-802d-4066-a122-6bf04cd5fbbb | H13: c2d970bc-3249-4f62-948d-0d50d9d5588e | I13: 5ee27c78-aa03-4547-a1f2-b42a6e1bb1db | J13: 2e24f844-b38d-4b06-bb92-8b2106e530dc | K13: REG | L13: 09f6626a-fa13-4fea-a785-01671ff4e85e | M13: c7eb4185-4029-47d5-9334-04937345a4d6 | N13: 43831 | O13: 0 | P13: 0 | Q13: 2026-01-12 10:46:48+07 | R13: 92 | S13: 2026-01-13 09:52:36+07
... A22: 4fae55ef-468d-403a-a7ea-3f6f0bf2df2b | B22: POS-0010 | C22: Lead Sales | E22: e7bc39fa-9436-4883-ab9a-1b12836dab36 | F22: a9d32223-ee13-4fda-9ff8-6be7a2fbadc7 | G22: db10c294-aad8-47fa-ba93-234091d1ab92 | H22: c2d970bc-3249-4f62-948d-0d50d9d5588e | I22: c1faa696-3d68-43b9-bc90-a61ccc58abd3 | J22: f0122620-db0a-4023-87bf-c991a802be82 | K22: REG | L22: 09f6626a-fa13-4fea-a785-01671ff4e85e | M22: c7eb4185-4029-47d5-9334-04937345a4d6 | N22: 43831 | O22: 1 | P22: 0 | Q22: 2026-01-12 10:52:03+07 | R22: 92 | S22: 2026-01-13 09:52:36+07
A23: c2d970bc-3249-4f62-948d-0d50d9d5588e | B23: POS-0001 | C23: General Manager | E23: 229828ce-6242-497a-9b60-6f2298ffbc57 | F23: bc37c241-955c-4c8b-a7d9-36f65f2b203b | G23: b660835f-bd6c-4684-81d9-714d9d4526b2 | H23: c2d970bc-3249-4f62-948d-0d50d9d5588e | I23: c11f555f-62e2-4ffb-9615-a56f6d743f4d | J23: d2077a67-b150-4275-90c0-c8191357780c | K23: REG | L23: 09f6626a-fa13-4fea-a785-01671ff4e85e | M23: c7eb4185-4029-47d5-9334-04937345a4d6 | N23: 43831 | O23: 0 | P23: 0 | Q23: 2026-01-12 10:26:11+07 | R23: 92 | S23: 2026-01-13 09:52:36+07 | T23: 92
A24: 749e3e1d-f8ad-4858-a4e7-bc51b52ef028 | B24: POS-0020 | C24: WH Collar Leader | E24: ba5ceee7-1b0e-4b5d-8e41-886676c2b604 | F24: c32a3031-b567-4644-b062-4f5be998dbdc | G24: 6f143bbe-0ca4-4b8c-85f4-97798ebcd8a6 | H24: 7ff2666d-dba4-4ff3-b639-2a3683e5a98b | I24: f80a7823-a704-4f58-8c91-6381cf4729a7 | J24: 203d0c61-6655-4655-8d60-e895db055eec | K24: REG | L24: be1db140-88b0-4b68-a8be-531940183459 | M24: ee25ea75-6384-497f-8946-284de122a25f | N24: 43831 | O24: 1 | P24: 1 | Q24: 2026-01-12 13:27:33+07 | R24: 92 | S24: 2026-01-13 09:52:43+07
A25: dc0cf930-f332-44fb-b70d-d0d38d45a75a | B25: POS-0023 | C25: Purchasing Lead | E25: 43e0334f-c163-4447-9426-853dbabe135d | F25: 2478edec-af5c-45bc-8310-a53cbd46fb30 | G25: d1694666-56f8-4777-ab46-5858495cc23b | H25: bc8fd694-29c1-454e-ba8c-d68f1f977187 | I25: c1faa696-3d68-43b9-bc90-a61ccc58abd3 | J25: f0122620-db0a-4023-87bf-c991a802be82 | K25: REG | L25: 09f6626a-fa13-4fea-a785-01671ff4e85e | M25: c7eb4185-4029-47d5-9334-04937345a4d6 | N25: 43831 | O25: 1 | P25: 0 | Q25: 2026-01-12 13:30:45+07 | R25: 92 | S25: 2026-01-13 09:52:47+07
A26: 005f2520-2bbd-4f72-9458-8ce7c7c2c524 | B26: POS-0024 | C26: Leader Assistant | E26: da334582-95ef-48ce-a87b-b01ccbff1a57 | F26: edd72a9e-2349-4040-b9b1-4aa6897699d4 | G26: 961c9144-a5dd-4ec0-b3ee-749af5ee4fff | H26: ca3690fe-7ace-4fb4-9f5f-d58031b8987d | I26: 3720d189-8344-4c84-b2fd-a5d76f64c50f | J26: 1de61e7e-dd28-43b6-aeb9-a9165e956ec1 | K26: REG | L26: 1a28660d-6784-405c-92cc-d65248bfbfd4 | M26: dda0cc4a-3b78-452d-82f0-2f458f010ce4 | N26: 43831 | O26: 1 | P26: 1 | Q26: 2026-01-12 13:31:54+07 | R26: 92 | S26: 2026-01-13 09:52:47+07
A27: d2b789a9-2ae2-4768-9bf2-6675c9cc8c18 | B27: POS-0025 | C27: Leader Assistant B | E27: da334582-95ef-48ce-a87b-b01ccbff1a57 | F27: edd72a9e-2349-4040-b9b1-4aa6897699d4 | G27: 961c9144-a5dd-4ec0-b3ee-749af5ee4fff | H27: 0a998918-1619-4ab5-8a03-1a3eed9cf2f3 | I27: 3720d189-8344-4c84-b2fd-a5d76f64c50f | J27: 1de61e7e-dd28-43b6-aeb9-a9165e956ec1 | K27: REG | L27: 1a28660d-6784-405c-92cc-d65248bfbfd4 | M27: dda0cc4a-3b78-452d-82f0-2f458f010ce4 | N27: 43831 | O27: 1 | P27: 1 | Q27: 2026-01-12 13:37:50+07 | R27: 92 | S27: 2026-01-13 09:52:47+07
A28: b4bc5c77-a0c2-4c8e-abf5-d286360047e4 | B28: POS-0026 | C28: Leader Assistant C | E28: da334582-95ef-48ce-a87b-b01ccbff1a57 | F28: edd72a9e-2349-4040-b9b1-4aa6897699d4 | G28: 961c9144-a5dd-4ec0-b3ee-749af5ee4fff | H28: 4a4fac80-f714-4213-9b6a-3220975b927d | I28: 3720d189-8344-4c84-b2fd-a5d76f64c50f | J28: 1de61e7e-dd28-43b6-aeb9-a9165e956ec1 | K28: REG | L28: 1a28660d-6784-405c-92cc-d65248bfbfd4 | M28: dda0cc4a-3b78-452d-82f0-2f458f010ce4 | N28: 43831 | O28: 1 | P28: 1 | Q28: 2026-01-12 13:38:46+07 | R28: 92 | S28: 2026-01-13 09:52:47+07
A29: 27c237d7-521b-4073-842a-25548ae50304 | B29: POS-0027 | C29: Group Leader Injection | E29: e85eebb4-da2b-46ba-a2aa-98e6377df6d8 | F29: edd72a9e-2349-4040-b9b1-4aa6897699d4 | G29: 961c9144-a5dd-4ec0-b3ee-749af5ee4fff | H29: ca3690fe-7ace-4fb4-9f5f-d58031b8987d | I29: f80a7823-a704-4f58-8c91-6381cf4729a7 | J29: 203d0c61-6655-4655-8d60-e895db055eec | K29: REG | L29: be1db140-88b0-4b68-a8be-531940183459 | M29: ee25ea75-6384-497f-8946-284de122a25f | N29: 43831 | O29: 1 | P29: 1 | Q29: 2026-01-12 13:41:04+07 | R29: 92 | S29: 2026-01-13 09:52:47+07
A30: c8fc6bb2-2ebf-4e03-869e-f07817e2c22f | B30: POS-0028 | C30: Group Leader Injection B | E30: e85eebb4-da2b-46ba-a2aa-98e6377df6d8 | F30: edd72a9e-2349-4040-b9b1-4aa6897699d4 | G30: 961c9144-a5dd-4ec0-b3ee-749af5ee4fff | H30: 0a998918-1619-4ab5-8a03-1a3eed9cf2f3 | I30: f80a7823-a704-4f58-8c91-6381cf4729a7 | J30: 203d0c61-6655-4655-8d60-e895db055eec | K30: REG | L30: be1db140-88b0-4b68-a8be-531940183459 | M30: ee25ea75-6384-497f-8946-284de122a25f | N30: 43831 | O30: 1 | P30: 1 | Q30: 2026-01-12 13:42:02+07 | R30: 92 | S30: 2026-01-13 09:52:47+07
A31: 73734a67-7b77-4195-8d7f-472776cc3011 | B31: POS-0029 | C31: Group Leader Assembly | E31: e85eebb4-da2b-46ba-a2aa-98e6377df6d8 | F31: edd72a9e-2349-4040-b9b1-4aa6897699d4 | G31: 961c9144-a5dd-4ec0-b3ee-749af5ee4fff | H31: ca3690fe-7ace-4fb4-9f5f-d58031b8987d | I31: f80a7823-a704-4f58-8c91-6381cf4729a7 | J31: 203d0c61-6655-4655-8d60-e895db055eec | K31: REG | L31: be1db140-88b0-4b68-a8be-531940183459 | M31: ee25ea75-6384-497f-8946-284de122a25f | N31: 43831 | O31: 1 | P31: 1 | Q31: 2026-01-12 13:50:15+07 | R31: 92 | S31: 2026-01-13 09:52:47+07
A32: 7069485a-0875-49d8-9d85-1f672b4f56b4 | B32: POS-0030 | C32: Group Leader Assembly B | E32: e85eebb4-da2b-46ba-a2aa-98e6377df6d8 | F32: edd72a9e-2349-4040-b9b1-4aa6897699d4 | G32: 961c9144-a5dd-4ec0-b3ee-749af5ee4fff | H32: 0a998918-1619-4ab5-8a03-1a3eed9cf2f3 | I32: f80a7823-a704-4f58-8c91-6381cf4729a7 | J32: 203d0c61-6655-4655-8d60-e895db055eec | K32: REG | L32: be1db140-88b0-4b68-a8be-531940183459 | M32: ee25ea75-6384-497f-8946-284de122a25f | N32: 43831 | O32: 1 | P32: 1 | Q32: 2026-01-12 13:51:08+07 | R32: 92 | S32: 2026-01-13 09:52:47+07
A33: 312535e7-65c1-4baf-9b08-df8f0d282c02 | B33: POS-0032 | C33: ERP Administrator | E33: 25194597-e93d-405a-9f3c-9178e818d134 | F33: c32a3031-b567-4644-b062-4f5be998dbdc | G33: 682658b3-a9b5-467b-a263-6a151d60bfca | H33: bc8fd694-29c1-454e-ba8c-d68f1f977187 | I33: c1faa696-3d68-43b9-bc90-a61ccc58abd3 | J33: f0122620-db0a-4023-87bf-c991a802be82 | K33: REG | L33: 09f6626a-fa13-4fea-a785-01671ff4e85e | M33: dd7ddffc-014b-4763-b231-da1b8b8568a5 | N33: 43831 | O33: 1 | P33: 0 | Q33: 2026-02-05 15:20:05+07 | R33: 92 | S33: 2026-02-05 15:20:05+07
A34: 019c6f90-666b-7bf8-9aea-08d3c2123862 | B34: POS-0033 | C34: Sales Staff | E34: e7bc39fa-9436-4883-ab9a-1b12836dab36 | F34: a9d32223-ee13-4fda-9ff8-6be7a2fbadc7 | G34: db10c294-aad8-47fa-ba93-234091d1ab92 | H34: 5e69f418-a710-425d-a21e-55d638074fa4 | I34: f80a7823-a704-4f58-8c91-6381cf4729a7 | J34: a633733d-1c4d-4344-9c64-e182fdb41305 | K34: REG | L34: 09f6626a-fa13-4fea-a785-01671ff4e85e | M34: c0e58049-3a86-427f-834c-6cf11f5430ea | N34: 46023 | O34: 1 | P34: 1 | Q34: 2026-02-18 14:04:20+07 | R34: 92 | S34: 2026-02-18 14:04:20+07
A35: 019c6f91-f6d0-7a7e-a8ff-a52e31db136a | B35: POS-0034 | C35: Production Engineer | E35: 6600e63e-3a94-41f3-a94c-74c7d423a70e | F35: edd72a9e-2349-4040-b9b1-4aa6897699d4 | G35: cef90d7a-9339-411b-9cfd-46e8cc313b1a | H35: 942745ac-02ff-4409-822b-677a97cf117a | I35: f80a7823-a704-4f58-8c91-6381cf4729a7 | J35: 5793c653-2a50-4a9d-a36e-892aa1d3b170 | K35: REG | L35: 09f6626a-fa13-4fea-a785-01671ff4e85e | M35: dd7ddffc-014b-4763-b231-da1b8b8568a5 | N35: 42736 | O35: 1 | P35: 1 | Q35: 2026-02-18 14:06:02+07 | R35: 92 | S35: 2026-02-18 14:06:02+07
... A61: 019c6fb9-a744-78ce-a374-980d17cce30b | B61: POS-0060 | C61: Production Admin | E61: da334582-95ef-48ce-a87b-b01ccbff1a57 | F61: edd72a9e-2349-4040-b9b1-4aa6897699d4 | G61: 961c9144-a5dd-4ec0-b3ee-749af5ee4fff | H61: ca3690fe-7ace-4fb4-9f5f-d58031b8987d | I61: f80a7823-a704-4f58-8c91-6381cf4729a7 | J61: a633733d-1c4d-4344-9c64-e182fdb41305 | K61: REG | L61: 09f6626a-fa13-4fea-a785-01671ff4e85e | M61: 7799bc59-163d-4f9f-928b-f7ced8ea241b | N61: 42736 | O61: 1 | P61: 1 | Q61: 2026-02-18 14:49:23+07 | R61: 92 | S61: 2026-02-18 14:49:23+07
